City_ID,City,Lat,Lng,Max Temp,Humidity,Cloudiness,Wind Speed,Country,Date
0,dudinka,69.4058,86.1778,259.61,92,100,7.6,RU,1706308284
1,puerto natales,-51.7236,-72.4875,282.96,69,35,5.96,CL,1706308405
2,adamstown,-25.066,-130.1015,297.72,72,100,3.41,PN,1706308405
3,waitangi,-43.9535,-176.5597,291.38,88,79,2.68,NZ,1706308318
4,olyokminsk,60.3736,120.4264,246.39,96,100,2.55,RU,1706308406
5,blackmans bay,-43.0167,147.3167,290.22,57,93,5.8,AU,1706308406
6,talnakh,69.4865,88.3972,259.38,92,100,8.0,RU,1706308407
7,la paz,-16.5,-68.15,289.14,62,75,4.12,BO,1706308407
8,khandyga,62.6667,135.6,246.04,92,100,1.43,RU,1706308408
9,amparafaravola,-17.5833,48.2167,292.01,97,95,0.52,MG,1706308408
10,kourou,5.1552,-52.6478,300.18,81,31,3.79,GF,1706308408
11,port elizabeth,-33.918,25.5701,293.32,94,75,2.57,ZA,1706308409
12,ibshaway,29.358,30.6814,286.22,74,44,3.21,EG,1706308409
13,port-aux-francais,-49.35,70.2167,279.86,95,81,14.95,TF,1706308317
14,constantia,44.1833,28.65,275.76,71,62,5.55,RO,1706308410
15,east london,-33.0153,27.9116,296.43,79,29,4.73,ZA,1706308210
16,lompoc,34.6391,-120.4579,296.36,56,0,4.63,US,1706308411
17,san patricio,28.017,-97.5169,292.2,91,98,2.27,US,1706308411
18,udachny,66.4167,112.4,232.76,100,59,1.63,RU,1706308412
19,qaqortoq,60.7167,-46.0333,247.91,74,0,3.18,GL,1706308152
20,lata,40.1629,-8.3327,283.66,74,100,1.71,PT,1706308413
21,badger,64.8,-147.5333,240.27,68,75,0.0,US,1706308413
22,keflavik,64.0049,-22.5624,271.1,100,75,9.26,IS,1706308414
23,fuyu,45.1833,124.8167,250.91,100,47,0.95,CN,1706308414
24,port mathurin,-19.6833,63.4167,300.74,82,98,4.33,MU,1706308414
25,margaret river,-33.95,115.0667,288.63,61,0,2.47,AU,1706308415
26,nar'yan-mar,67.6713,53.087,262.1,97,96,2.68,RU,1706308415
27,ushuaia,-54.8,-68.3,287.96,58,75,1.54,AR,1706308285
28,margate,51.3813,1.3862,278.64,71,1,1.79,GB,1706308416
29,yellowknife,62.456,-114.3525,251.71,92,100,3.6,CA,1706308417
30,nemuro,43.3236,145.575,271.82,75,99,10.56,JP,1706308417
31,bereeda,11.8704,51.0579,298.08,74,23,3.64,SO,1706308418
32,grytviken,-54.2811,-36.5092,276.65,89,97,2.23,GS,1706308418
33,viedma,-40.8135,-62.9967,310.32,16,10,7.18,AR,1706308419
34,dawesville,30.9224,-84.0091,296.3,75,40,0.89,US,1706308419
35,doka,13.5167,35.7667,293.17,20,100,5.36,SD,1706308420
36,yongchuan,29.3514,105.8947,277.89,80,87,1.28,CN,1706308420
37,hermanus,-34.4187,19.2345,294.71,84,70,3.71,ZA,1706308421
38,nova sintra,14.8667,-24.7167,294.5,73,64,3.27,CV,1706308421
39,wailua homesteads,22.0669,-159.378,299.89,69,40,7.72,US,1706308421
40,albany,42.6001,-73.9662,277.95,85,100,1.0,US,1706308422
41,edinburgh of the seven seas,-37.0676,-12.3116,290.07,81,13,4.89,SH,1706308422
42,kattivakkam,13.2167,80.3167,297.2,77,42,3.92,IN,1706308423
43,praia da vitoria,38.7333,-27.0667,290.29,94,20,7.31,PT,1706308423
44,uturoa,-16.7333,-151.4333,301.39,74,34,2.65,PF,1706308424
45,alo,7.4178,6.7371,299.17,20,24,1.37,NG,1706308424
46,brookings,44.3114,-96.7984,272.15,97,100,2.57,US,1706308424
47,tolanaro,-25.0319,46.9987,293.87,85,34,2.94,MG,1706308425
48,nicoya,10.1483,-85.452,304.21,49,73,3.24,CR,1706308425
49,labrador city,52.9463,-66.9114,257.1,85,40,1.54,CA,1706308426
50,ganjam,19.3833,85.0667,293.23,75,25,1.76,IN,1706308426
51,carnarvon,-24.8667,113.6333,299.51,55,0,5.04,AU,1706308427
52,bredasdorp,-34.5322,20.0403,293.76,80,96,2.39,ZA,1706308427
53,punta arenas,-53.15,-70.9167,291.21,48,0,12.86,CL,1706308223
54,ola,59.5833,151.2833,254.03,81,100,3.75,RU,1706308428
55,sainte-menehould,49.0833,4.9,273.09,84,5,0.25,FR,1706308428
56,ancud,-41.8697,-73.8203,289.04,94,78,3.45,CL,1706308312
57,kibuye,-2.0597,29.3482,292.97,79,91,0.61,RW,1706308429
58,nowy targ,49.4778,20.0323,275.23,97,100,6.47,PL,1706308430
59,ostersund,63.1792,14.6357,273.4,86,100,4.12,SE,1706308430
60,college,64.8569,-147.8028,240.32,67,100,0.0,US,1706308223
61,olonkinbyen,70.9221,-8.7187,273.84,72,55,12.04,SJ,1706308431
62,meulaboh,4.1363,96.1285,298.39,87,93,1.35,ID,1706308432
63,isafjordur,66.0755,-23.124,269.43,78,92,3.1,IS,1706308432
64,ghat,24.9647,10.1728,285.59,35,31,2.35,LY,1706308321
65,alice springs,-23.7,133.8833,300.49,33,78,3.6,AU,1706308433
66,san luis rio colorado,32.4631,-114.7767,294.25,17,67,6.57,MX,1706308225
67,stanley,54.868,-1.6985,279.92,84,40,5.14,GB,1706308254
68,hamilton,39.1834,-84.5333,283.07,86,100,5.14,US,1706308346
69,ghadamis,30.1337,9.5007,286.2,42,3,2.11,LY,1706308435
70,coronel suarez,-37.4547,-61.9334,305.77,16,23,5.46,AR,1706308435
71,chebba,35.2372,11.115,289.62,53,1,5.34,TN,1706308436
72,polyarnyy,69.1989,33.4478,264.08,95,100,5.52,RU,1706308436
73,aasiaat,68.7098,-52.8699,245.3,99,98,3.17,GL,1706308437
74,olney,39.1532,-77.0669,296.18,64,0,1.54,US,1706308437
75,thompson,55.7435,-97.8558,268.24,93,100,4.12,CA,1706308438
76,lorengau,-2.0226,147.2712,301.88,77,63,1.8,PG,1706308438
77,gurupa,-1.405,-51.64,300.07,71,82,2.15,BR,1706308439
78,codrington,-38.2667,141.9667,292.02,57,84,7.05,AU,1706308440
79,sai buri,6.7013,101.6168,299.99,86,93,5.56,TH,1706308440
80,ust-tsilma,65.441,52.1498,264.05,96,92,2.24,RU,1706308441
81,hammerfest,70.6634,23.6821,265.4,79,40,6.69,NO,1706308441
82,ribeira grande,38.5167,-28.7,290.8,96,100,7.6,PT,1706308441
83,kodiak,57.79,-152.4072,268.88,68,0,7.72,US,1706308442
84,iqaluit,63.7506,-68.5145,243.0,63,75,4.12,CA,1706308442
85,al kharijah,25.4514,30.5464,284.41,51,0,3.0,EG,1706308443
86,roxas,11.5853,122.7511,296.56,76,100,5.83,PH,1706308443
87,west island,-12.1568,96.8225,299.14,94,75,0.51,CC,1706308444
88,enewetak,11.3474,162.3373,299.03,62,98,5.1,MH,1706308444
89,puerto ayora,-0.7393,-90.3518,300.68,92,75,1.79,EC,1706308445
90,lerwick,60.1545,-1.1494,281.15,81,100,15.99,GB,1706308445
91,cam ranh,11.9214,109.1591,297.13,69,20,4.63,VN,1706308446
92,lu-uk,5.9684,121.3122,298.66,80,98,4.07,PH,1706308446
93,howard springs,-12.497,131.047,301.1,96,100,6.42,AU,1706308447
94,lebu,-37.6167,-73.65,290.49,82,44,3.42,CL,1706308447
95,arno,60.1167,18.6333,273.59,99,100,3.65,SE,1706308448
96,cabedelo,-6.9811,-34.8339,301.52,79,52,4.64,BR,1706308448
97,egbe,8.2167,5.5167,298.19,20,28,1.28,NG,1706308449
98,invercargill,-46.4,168.35,289.83,70,16,4.47,NZ,1706308449
99,antonio enes,-16.2325,39.9086,297.42,85,62,2.99,MZ,1706308450
100,leava,-14.3,-178.1667,301.36,79,100,8.47,WF,1706308450
101,ronne,55.1009,14.7066,278.1,81,100,13.38,DK,1706308441
102,nabire,-3.3667,135.4833,299.03,78,69,1.25,ID,1706308452
103,ugoofaaru,5.6667,73.0,300.6,73,52,6.43,MV,1706308452
104,ashmyany,54.425,25.9378,270.15,100,89,1.8,BY,1706308452
105,belmonte,-15.8631,-38.8828,299.1,92,100,4.52,BR,1706308453
106,atafu village,-8.5421,-172.5159,302.62,74,100,4.79,TK,1706308453
107,nuuk,64.1835,-51.7216,259.49,61,20,5.66,GL,1706308454
108,santana,-0.0583,-51.1817,302.25,74,40,4.12,BR,1706308454
109,kapa'a,22.0752,-159.319,300.64,69,40,7.72,US,1706308455
110,warman,52.3168,-106.5679,271.1,79,20,5.14,CA,1706308455
111,myrina,39.8797,25.0742,279.73,70,20,3.09,GR,1706308163
112,puerto baquerizo moreno,-0.9,-89.6,301.7,84,40,6.17,EC,1706308456
113,san andres,12.5847,-81.7006,303.16,70,20,7.2,CO,1706308399
114,vilyuchinsk,52.9306,158.4028,267.3,88,100,1.62,RU,1706308457
115,dakhla,23.6848,-15.958,294.22,38,4,5.89,EH,1706308457
116,saldanha,-33.0117,17.9442,292.18,95,69,3.32,ZA,1706308458
117,bilibino,68.0546,166.4372,232.66,100,99,0.22,RU,1706308342
118,avarua,-21.2078,-159.775,302.18,89,40,3.6,CK,1706308459
119,bethel,41.3712,-73.414,279.35,87,100,0.0,US,1706308459
120,alesund,62.4723,6.1549,279.66,65,40,8.75,NO,1706308173
121,villafranca di verona,45.3524,10.8402,279.82,93,100,0.51,IT,1706308460
122,lodja,-3.4833,23.4333,296.0,87,94,0.9,CD,1706308461
123,sittwe,20.15,92.9,289.97,79,16,4.63,MM,1706308461
124,longyearbyen,78.2186,15.6401,273.06,59,0,8.75,SJ,1706308462
125,penzance,50.1186,-5.5371,274.53,66,60,4.64,GB,1706308349
126,tsirang,27.0219,90.1229,276.46,75,70,2.39,BT,1706308463
127,tralee,52.2704,-9.7026,280.86,85,100,4.7,IE,1706308463
128,novoagansk,61.9449,76.6625,257.42,94,95,1.87,RU,1706308464
129,kavaratti,10.5669,72.642,300.05,68,61,3.22,IN,1706308464
130,chibougamau,49.9168,-74.3659,270.94,93,100,1.03,CA,1706308464
131,varanasi,25.3333,83.0,282.2,100,100,1.03,IN,1706308465
132,pangoa,-12.1167,-73.0,296.32,96,99,0.25,PE,1706308465
133,daru,-9.0763,143.2092,301.42,71,49,6.02,PG,1706308466
134,recreio,-21.525,-42.4692,296.2,91,59,0.47,BR,1706308466
135,kapuskasing,49.4169,-82.4331,271.2,86,100,1.54,CA,1706308467
136,petropavlovsk-kamchatsky,53.0452,158.6483,266.48,87,75,4.0,RU,1706308467
137,cessnock,-32.8333,151.35,297.64,76,100,2.38,AU,1706308257
138,tari,12.4086,4.4914,294.12,22,2,6.0,NG,1706308468
139,guantanamo,20.1444,-75.2092,301.91,68,1,3.58,CU,1706308469
140,campos sales,-7.0744,-40.3761,299.01,61,100,0.84,BR,1706308469
141,huarmey,-10.0681,-78.1522,298.79,77,34,4.18,PE,1706308469
142,taytay,14.5678,121.1394,296.99,76,40,2.57,PH,1706308470
143,timaru,-44.4,171.25,299.86,14,0,4.47,NZ,1706308470
144,metkovic,43.0542,17.6483,276.41,73,83,1.81,HR,1706308471
145,conde,-7.2597,-34.9075,300.85,83,75,3.6,BR,1706308471
146,tongren,27.7172,109.1853,278.59,78,100,1.12,CN,1706308472
147,pariaman,-0.619,100.12,298.18,86,72,1.89,ID,1706308472
148,minas de marcona,-15.2119,-75.1103,293.78,73,19,6.22,PE,1706308473
149,vorgashor,67.5833,63.95,261.59,96,99,2.76,RU,1706308473
150,georgetown,5.4112,100.3354,300.11,85,20,3.09,MY,1706308474
151,angaur state,6.906,134.13,297.45,95,100,11.87,PW,1706308474
152,saint-florentin,48.0006,3.7249,274.05,86,32,1.47,FR,1706308474
153,jamestown,42.097,-79.2353,276.49,100,100,3.09,US,1706308325
154,lihue,21.9789,-159.3672,300.23,69,40,7.72,US,1706308475
155,ciudad lazaro cardenas,17.9583,-102.2,300.62,64,0,3.13,MX,1706308476
156,mutoko,-17.397,32.2268,290.15,84,57,0.79,ZW,1706308476
157,mount isa,-20.7333,139.5,298.02,83,100,3.6,AU,1706308477
158,yafran,32.0633,12.5286,283.73,52,0,1.24,LY,1706308477
159,pisco,-13.7,-76.2167,299.18,73,0,9.26,PE,1706308459
160,tateyama,34.9833,139.8667,278.76,55,64,6.22,JP,1706308478
161,porto-vecchio,41.591,9.2795,285.89,93,75,1.03,FR,1706308478
162,cambria,35.5641,-121.0808,293.24,60,96,1.57,US,1706308479
163,hobyo,5.3505,48.5268,299.4,84,59,4.13,SO,1706308479
164,collie,-33.3667,116.15,289.18,57,0,3.19,AU,1706308480
165,vallenar,-28.5708,-70.7581,299.49,44,8,3.26,CL,1706308480
166,gudiyatham,12.95,78.8667,292.29,96,62,1.02,IN,1706308480
167,kingaroy,-26.5333,151.8333,302.38,58,97,3.14,AU,1706308481
168,sinabang,2.4803,96.3801,299.7,83,98,1.29,ID,1706308481
169,whitehorse,60.7161,-135.0538,254.58,78,100,1.03,CA,1706308482
170,santa ana,33.7456,-117.8678,299.06,36,20,3.6,US,1706308482
171,tazacorte,28.629,-17.9293,296.01,17,0,3.6,ES,1706308483
172,queensbury,53.7667,-1.9167,277.69,86,16,5.15,GB,1706308483
173,saint croix,17.7397,-64.7388,299.4,72,20,7.2,VI,1706308484
174,bamboo flat,11.7,92.7167,298.2,94,40,1.03,IN,1706308484
175,colonia,50.9333,6.95,278.63,82,75,3.09,DE,1706308276
176,freetown,8.484,-13.2299,301.99,61,0,5.66,SL,1706308209
177,manokwari,-0.8667,134.0833,299.8,81,100,2.28,ID,1706308485
178,gutao,37.2025,112.1781,266.89,52,9,2.8,CN,1706308486
179,pirallahi,40.4723,50.333,278.23,66,100,1.91,AZ,1706308486
180,francistown,-21.17,27.5079,295.54,53,32,2.87,BW,1706308487
181,mabaruma,8.2,-59.7833,297.86,77,10,2.76,GY,1706308487
182,mozdok,43.7492,44.6881,268.25,97,100,0.8,RU,1706308488
183,hithadhoo,-0.6,73.0833,301.13,69,80,6.12,MV,1706308488
184,welkom,-27.9864,26.7066,293.9,25,51,3.06,ZA,1706308489
185,kavieng,-2.5744,150.7967,301.36,73,95,0.48,PG,1706308489
186,shihezi,44.3,86.0333,253.06,88,25,1.78,CN,1706308490
187,recreo,-29.2818,-65.061,307.3,19,0,8.39,AR,1706308491
188,longboat key,27.4125,-82.659,298.24,82,20,2.06,US,1706308491
189,tamanrasset,22.785,5.5228,287.1,15,0,7.2,DZ,1706308492
190,hinton,53.4001,-117.5857,275.55,83,51,2.83,CA,1706308493
191,kenora,49.8167,-94.4337,270.69,100,100,3.6,CA,1706308493
192,chhatarpur,24.9,79.6,283.94,51,89,1.1,IN,1706308494
193,porto de moz,-1.7483,-52.2383,301.26,63,99,1.66,BR,1706308495
194,berdigestyakh,62.0989,126.6992,246.77,97,100,3.52,RU,1706308495
195,anadyr,64.75,177.4833,241.48,74,40,6.0,RU,1706308496
196,tovuz,40.9922,45.6289,271.98,86,95,1.07,AZ,1706308496
197,akureyri,65.6835,-18.0878,270.11,63,0,5.14,IS,1706308497
198,bandar-e lengeh,26.5579,54.8807,294.66,65,72,4.67,IR,1706308497
199,hawaiian paradise park,19.5933,-154.9731,301.98,69,0,4.63,US,1706308498
200,ciudad madero,22.2667,-97.8333,299.26,69,0,6.14,MX,1706308498
201,sao gabriel da cachoeira,-0.1303,-67.0892,297.84,89,96,0.05,BR,1706308499
202,fortuna,40.5982,-124.1573,289.81,72,100,4.92,US,1706308499
203,manay,7.215,126.5397,297.52,79,100,5.65,PH,1706308500
204,port douglas,-16.4833,145.4667,302.31,73,100,1.22,AU,1706308500
205,uvira,-3.4067,29.1458,296.18,84,86,1.27,CD,1706308501
206,carbonear,47.7332,-53.2148,267.27,70,100,6.91,CA,1706308501
207,new norfolk,-42.7826,147.0587,290.87,61,56,5.91,AU,1706308502
208,chulakkurgan,43.765,69.1814,266.38,93,88,0.95,KZ,1706308502
209,esmeraldas,-19.7625,-44.3139,295.32,86,79,1.59,BR,1706308503
210,ruelle-sur-touvre,45.6833,0.2333,283.86,88,100,0.51,FR,1706308503
211,ilulissat,69.2167,-51.1,253.16,50,75,3.09,GL,1706308504
212,al qusiyah,27.4402,30.8184,285.3,60,5,4.68,EG,1706308504
213,alofi,-19.0595,-169.9187,302.09,84,75,6.69,NU,1706308504
214,beyneu,45.3167,55.2,268.69,78,100,6.85,KZ,1706308505
215,leiyang,26.4024,112.8591,276.13,94,100,1.87,CN,1706308506
216,darnah,32.767,22.6367,288.28,67,1,10.37,LY,1706308506
217,taos,36.4072,-105.5731,279.37,54,20,6.17,US,1706308422
218,benesov,49.7816,14.687,279.09,77,71,8.41,CZ,1706308507
219,galesong,-5.3166,119.3661,297.16,79,100,3.11,ID,1706308508
220,gamla uppsala,59.8969,17.6361,273.81,100,100,0.0,SE,1706308508
221,dickinson,29.4608,-95.0513,291.2,96,100,4.12,US,1706308491
222,val-d'or,48.1002,-77.7828,273.2,100,100,2.57,CA,1706308268
223,arivonimamo,-19.0167,47.1833,289.18,97,98,1.57,MG,1706308510
224,vila franca do campo,37.7167,-25.4333,291.42,99,98,6.09,PT,1706308511
225,coquimbo,-29.9533,-71.3436,294.0,68,20,6.17,CL,1706308397
226,lubango,-14.9172,13.4925,291.07,100,55,1.03,AO,1706308512
227,fort st. john,56.2499,-120.8529,277.09,70,75,6.17,CA,1706308512
228,port lincoln,-34.7333,135.8667,290.83,56,8,4.0,AU,1706308513
229,nouadhibou,20.931,-17.0347,296.14,31,66,3.6,MR,1706308513
230,carutapera,-1.195,-46.02,297.98,93,79,2.41,BR,1706308514
231,tanguieta,10.6212,1.2665,295.9,22,84,2.67,BJ,1706308514
232,papatowai,-46.5619,169.4708,290.67,53,27,7.05,NZ,1706308515
233,prince george,53.9166,-122.753,278.29,83,100,0.89,CA,1706308515
234,walvis bay,-22.9575,14.5053,293.68,83,7,0.0,NA,1706308516
235,naze,28.3667,129.4833,285.66,67,89,3.6,JP,1706308516
236,adelaide,-34.9333,138.6,292.71,63,20,3.09,AU,1706308517
237,bealanana,-14.55,48.7333,290.23,97,17,0.67,MG,1706308517
238,brisas de zicatela,15.8369,-97.0419,301.61,62,0,1.98,MX,1706308518
239,ust-nera,64.5667,143.2,231.99,98,61,0.34,RU,1706308518
240,chonchi,-42.6128,-73.8092,292.77,84,100,2.18,CL,1706308308
241,iskateley,67.6803,53.1512,262.05,97,96,2.68,RU,1706308519
242,acarau,-2.8856,-40.12,300.31,81,61,5.56,BR,1706308224
243,vadso,70.0744,29.7487,270.24,80,75,7.2,NO,1706308520
244,narvik,68.4384,17.4272,269.82,94,100,3.6,NO,1706308520
245,palmer,42.1584,-72.3287,277.22,84,100,3.09,US,1706308521
246,mount pearl,47.5166,-52.7813,266.56,77,75,8.23,CA,1706308521
247,tura,25.5198,90.2201,283.74,52,4,1.23,IN,1706308522
248,san pedro,14.35,121.0167,296.59,76,40,2.57,PH,1706308522
249,ylivieska,64.0833,24.55,267.77,86,99,4.36,FI,1706308523
250,bikenibeu village,1.3673,173.1241,300.13,89,75,4.63,KI,1706308523
251,mawlamyinegyunn,16.3833,95.2667,295.41,70,86,2.33,MM,1706308524
252,bac lieu,9.285,105.7244,297.32,79,18,9.21,VN,1706308524
253,shiqian,27.5225,108.2281,276.14,90,100,0.19,CN,1706308525
254,lloydminster,53.2835,-110.0016,273.27,69,20,2.57,CA,1706308331
255,portoferraio,42.8115,10.3146,283.2,87,86,2.06,IT,1706308525
256,tomatlan,19.9333,-105.25,302.79,44,0,3.01,MX,1706308526
257,albertina,-22.2008,-46.6158,290.45,85,36,1.28,BR,1706308527
258,puerto lempira,15.2667,-83.7667,300.23,78,75,6.17,HN,1706308527
259,adam,22.3756,57.5233,289.5,89,98,2.86,OM,1706308528
260,terenozek,45.05,64.9833,263.14,85,39,3.98,KZ,1706308528
261,shahr sultan,29.5765,71.0212,285.23,25,99,2.44,PK,1706308528
262,zeya,53.75,127.2667,248.42,100,100,1.27,RU,1706308529
263,lazaro cardenas,17.9583,-102.2,300.62,64,0,3.13,MX,1706308476
264,mek'ele,13.4967,39.4753,290.13,75,99,2.08,ET,1706308530
265,weno,7.4515,151.8468,301.12,78,75,2.57,FM,1706308530
266,ebon,4.582,168.6964,301.08,77,100,6.82,MH,1706308531
267,necochea,-38.5473,-58.7368,303.51,26,14,5.04,AR,1706308531
268,chaman,30.9236,66.4512,284.6,59,27,2.22,PK,1706308532
269,yung shue wan,22.2333,114.1167,287.97,67,92,3.51,HK,1706308532
270,kingston,17.997,-76.7936,300.68,78,75,1.54,JM,1706308319
271,seven pagodas,12.6264,80.1722,297.18,77,67,4.59,IN,1706308533
272,valparaiso,-33.0393,-71.6273,294.28,74,0,5.66,CL,1706308534
273,kristiansund,63.1115,7.732,278.51,56,20,6.17,NO,1706308534
274,shakawe,-18.3667,21.85,295.34,51,100,1.92,BW,1706308535
275,malvan,16.0667,73.4667,296.23,63,77,3.24,IN,1706308535
276,humberto de campos,-2.5983,-43.4611,299.69,83,85,2.92,BR,1706308536
277,cabo san lucas,22.8909,-109.9124,301.27,56,0,4.12,MX,1706308536
278,kilinochchi,9.3961,80.3982,296.64,74,14,3.82,LK,1706308537
279,haifa,32.8156,34.9892,284.91,86,77,7.92,IL,1706308537
280,penal,10.1667,-61.4667,301.11,79,16,4.15,TT,1706308538
281,longavi,-35.9667,-71.6833,301.38,33,60,5.58,CL,1706308538
282,tsiombe,-25.3,45.4833,295.35,75,0,5.88,MG,1706308539
283,bondo,3.8146,23.6866,298.88,37,89,1.64,CD,1706308539
284,beipiao,41.7919,120.7792,261.61,68,1,0.92,CN,1706308540
285,athens,37.9795,23.7162,284.63,60,2,2.06,GR,1706308540
286,broken hill,-31.95,141.4333,292.06,44,48,7.34,AU,1706308541
287,nikolayevsk-on-amure,53.1406,140.73,258.41,83,100,1.23,RU,1706308541
288,peniche,39.3558,-9.3811,289.42,80,100,3.17,PT,1706308542
289,inyonga,-6.7167,32.0667,292.32,95,100,0.85,TZ,1706308542
290,bodo,67.28,14.405,275.17,100,100,8.75,NO,1706308543
291,shimoda,34.6667,138.95,277.65,77,100,2.51,JP,1706308543
292,dalai,45.5,124.3,252.85,100,30,1.33,CN,1706308543
293,uniao da vitoria,-26.23,-51.0864,287.88,95,64,1.7,BR,1706308544
294,inverness,57.4791,-4.224,282.58,76,75,7.72,GB,1706308544
295,jijel,36.8205,5.7667,285.12,87,0,2.06,DZ,1706308545
296,webster city,42.4694,-93.816,276.38,100,100,5.14,US,1706308545
297,palmerston north,-40.35,175.6167,295.96,71,100,0.89,NZ,1706308546
298,guerrero negro,27.9769,-114.0611,295.57,45,100,3.06,MX,1706308546
299,aleksandrovskoye,44.7142,43.0008,267.52,100,100,1.29,RU,1706308547
300,mahina,-17.5065,-149.489,302.02,79,40,4.12,PF,1706308547
301,sao joao da barra,-21.6403,-41.0511,299.2,86,100,4.04,BR,1706308548
302,jerseyville,39.12,-90.3285,280.25,92,100,1.55,US,1706308548
303,vavuniya,8.7514,80.4971,293.09,90,9,1.55,LK,1706308549
304,waingapu,-9.6567,120.2641,299.68,85,94,2.84,ID,1706308549
305,cidreira,-30.1811,-50.2056,295.23,76,100,6.43,BR,1706308550
306,senanga,-16.1167,23.2667,292.35,63,87,2.78,ZM,1706308550
307,san jose del guaviare,2.5729,-72.6459,302.88,41,79,1.5,CO,1706308551
308,malango,-2.9627,119.9001,293.35,89,99,0.97,ID,1706308551
309,tinajo,29.0788,-13.7081,292.64,24,0,3.09,ES,1706308552
310,cidade velha,14.9167,-23.6167,296.41,68,49,7.72,CV,1706308552
311,saipan,15.1355,145.701,297.54,88,75,4.63,MP,1706308553
312,karratha,-20.7377,116.8463,298.65,77,7,6.36,AU,1706308553
313,diamantino,-14.4086,-56.4461,299.21,49,56,1.3,BR,1706308553
314,prairie du chien,43.0517,-91.1412,277.2,100,100,0.0,US,1706308554
315,tegina,10.0706,6.1906,298.23,18,0,4.63,NG,1706308554
316,chegdomyn,51.1167,133.0167,244.29,100,35,0.54,RU,1706308555
317,qamdo,31.1667,97.2333,260.7,51,96,1.81,CN,1706308555
318,sisimiut,66.9395,-53.6735,255.24,98,100,2.16,GL,1706308274
319,youhao,47.8667,128.8333,246.87,100,93,0.31,CN,1706308556
320,turpan,42.9333,89.1667,265.77,50,0,0.52,CN,1706308556
321,dryden,49.7833,-92.7503,271.31,93,100,4.12,CA,1706308557
322,luderitz,-26.6481,15.1594,292.74,77,2,2.2,NA,1706308558
323,campos novos,-27.4017,-51.225,286.44,96,87,2.51,BR,1706308558
324,altagracia de orituco,9.8601,-66.3814,297.07,59,60,3.13,VE,1706308559
325,susuman,62.7833,148.1667,232.03,100,83,0.45,RU,1706308559
326,namibe,-15.1961,12.1522,298.63,78,84,1.63,AO,1706308560
327,ko pha ngan,9.7578,100.0291,298.53,78,14,7.0,TH,1706308560
328,ostrovskoye,57.8057,42.2433,263.28,97,99,1.14,RU,1706308561
329,veraval,20.9,70.3667,294.34,34,100,3.01,IN,1706308561
330,bansang,13.4333,-14.65,300.15,13,0,3.78,GM,1706308562
331,kuta,-8.7233,115.1723,299.12,88,20,1.54,ID,1706308562
332,yamada,39.4667,141.95,274.76,70,8,2.84,JP,1706308563
333,banff,51.1762,-115.5698,277.72,56,100,3.09,CA,1706308563
334,yorkton,51.2167,-102.4677,271.06,93,100,2.06,CA,1706308564
335,tiksi,71.6872,128.8694,244.65,97,67,4.7,RU,1706308564
336,aripuana,-9.1667,-60.6333,296.22,100,100,1.98,BR,1706308565
337,paide,58.8856,25.5572,265.69,97,100,2.83,EE,1706308565
338,oranjemund,-28.55,16.4333,291.33,90,9,2.21,NA,1706308566
339,bandarban,22.1965,92.2262,284.6,93,68,0.97,BD,1706308566
340,charters towers,-20.1,146.2667,302.83,61,98,6.55,AU,1706308567
341,nizhneangarsk,55.7833,109.55,258.15,89,100,0.45,RU,1706308567
342,concord,37.978,-122.0311,289.93,77,100,3.09,US,1706308163
343,glace bay,46.1969,-59.957,270.87,79,100,0.0,CA,1706308568
344,utrik,11.2278,169.8474,298.63,60,59,3.24,MH,1706308568
345,chernomorskoye,45.5039,32.6997,276.61,82,100,5.96,UA,1706308569
346,tefe,-3.3542,-64.7114,298.21,94,100,1.54,BR,1706308558
347,mopti,14.6667,-4.0,294.26,15,21,4.33,ML,1706308570
348,mermoz boabab,14.7065,-17.4758,298.46,69,5,2.06,SN,1706308399
349,girua,-28.0283,-54.3497,291.17,82,11,3.65,BR,1706308571
350,jiayuguan,39.8167,98.3,261.58,42,0,1.19,CN,1706308571
351,stephenville,32.2207,-98.2023,282.73,100,100,3.6,US,1706308572
352,sokone,13.8833,-16.3667,299.13,13,2,4.79,SN,1706308572
353,midvagur,62.0511,-7.1939,280.61,76,75,6.69,FO,1706308573
354,tevriz,57.509,72.4042,266.23,97,100,1.74,RU,1706308573
355,galliano,29.4422,-90.2992,292.15,96,100,4.22,US,1706308573
356,sovetskaya gavan',48.9723,140.2878,260.99,87,96,2.2,RU,1706308574
357,muden,52.5277,10.3601,279.29,82,87,6.92,DE,1706308574
358,kununurra,-15.7667,128.7333,300.14,94,40,0.0,AU,1706308575
359,lospalos,-8.5186,127.0025,297.55,84,100,5.96,TL,1706308575
360,phalodi,27.1333,72.3667,287.02,27,47,3.92,IN,1706308576
361,baoqing,46.3317,132.2111,247.98,100,79,1.09,CN,1706308576
362,griffith,41.5284,-87.4237,277.42,95,100,0.0,US,1706308577
363,progreso,21.2833,-89.6667,306.21,58,0,4.82,MX,1706308577
364,filingue,14.3521,3.3168,292.28,23,0,5.07,NE,1706308578
365,st. john's,47.5649,-52.7093,267.02,77,75,8.23,CA,1706308499
366,moree,-29.4667,149.85,305.24,52,100,8.23,AU,1706308579
367,villa gesell,-37.2639,-56.973,297.07,75,0,8.08,AR,1706308579
368,floro,61.5996,5.0328,279.13,87,100,11.32,NO,1706308579
369,arraial do cabo,-22.9661,-42.0278,298.07,88,40,9.26,BR,1706308580
370,choma,-16.8065,26.9531,288.75,65,8,1.16,ZM,1706308580
371,dunedin,-45.8742,170.5036,297.08,61,5,0.89,NZ,1706308581
372,geraldton,-28.7667,114.6,292.38,63,0,3.6,AU,1706308581
373,riversdale,18.1659,-76.9642,300.07,89,69,1.35,JM,1706308582
374,sao luis de montes belos,-16.525,-50.3722,296.35,74,43,1.4,BR,1706308582
375,bohain-en-vermandois,49.9873,3.453,275.73,87,3,1.95,FR,1706308583
376,as sulayyil,20.4607,45.5779,294.29,56,74,4.23,SA,1706308583
377,kannur,11.8675,75.3576,295.4,72,47,2.34,IN,1706308584
378,afaahiti,-17.75,-149.2833,301.08,79,64,4.15,PF,1706308584
379,morehead city,34.7229,-76.726,292.6,89,100,6.17,US,1706308564
380,nawabshah,26.2483,68.4096,287.11,20,41,2.64,PK,1706308586
381,bengkulu,-3.8004,102.2655,297.57,90,99,1.97,ID,1706308586
382,botou,38.0667,116.5667,271.06,48,50,2.43,CN,1706308587
383,yuzhno-kurilsk,44.0306,145.8556,271.14,85,99,10.24,RU,1706308587
384,northam,51.0333,-4.2167,278.37,87,69,4.15,GB,1706308587
385,vorkuta,67.5,64.0,261.75,96,99,2.58,RU,1706308588
386,zabol,32.25,67.25,277.82,64,35,3.02,AF,1706308589
387,el aouinet,35.8669,7.8867,285.19,62,3,2.61,DZ,1706308590
388,gadani,25.1185,66.7299,289.27,24,23,3.24,PK,1706308591
389,hit,33.6416,42.8251,287.3,57,85,7.34,IQ,1706308591
390,lammi,61.0833,25.0167,265.91,96,100,2.93,FI,1706308592
391,vila do maio,15.1333,-23.2167,296.59,80,68,4.79,CV,1706308592
392,fort bragg,35.139,-79.006,297.9,63,100,2.57,US,1706308593
393,orsa,54.5153,30.4053,269.73,97,100,1.54,BY,1706308593
394,thames,-37.1333,175.5333,291.51,81,100,2.26,NZ,1706308594
395,lazarevskoye,43.9061,39.3331,279.02,75,100,1.85,RU,1706308594
396,okulovka,58.4008,33.2908,271.64,98,100,1.01,RU,1706308595
397,ambodifotatra,-16.9833,49.85,298.72,79,59,4.55,MG,1706308595
398,saint-philippe,-21.3585,55.7679,298.92,89,79,4.19,RE,1706308596
399,cill airne,52.05,-9.5167,280.32,88,100,3.2,IE,1706308596
400,norfolk,42.1668,-71.2495,278.94,96,100,2.06,US,1706308597
401,matoury,4.8483,-52.3317,300.13,78,100,3.09,GF,1706308597
402,morrinhos,-17.7311,-49.0994,295.15,54,33,0.31,BR,1706308597
403,sao jose de ribamar,-2.5619,-44.0542,301.36,85,93,5.46,BR,1706308598
404,ko samui,9.5357,99.9357,301.1,74,20,5.66,TH,1706308598
405,ellington,41.904,-72.4698,277.79,97,100,2.57,US,1706308599
406,erdenet,49.0333,104.0833,250.29,82,3,2.15,MN,1706308599
407,san jose del cabo,23.0589,-109.6977,301.26,28,0,8.23,MX,1706308600
408,poso,-1.3959,120.7524,298.24,79,100,1.62,ID,1706308600
409,sumenep,-7.0167,113.8667,299.35,87,100,3.03,ID,1706308600
410,korla,41.7597,86.1469,263.22,84,16,1.28,CN,1706308601
411,flin flon,54.7682,-101.865,267.06,93,100,3.6,CA,1706308601
412,torremolinos,36.6204,-4.4998,291.43,61,0,2.06,ES,1706308602
413,simrishamn,55.5565,14.3504,279.23,74,99,17.54,SE,1706308602
414,staraya kulatka,52.7167,47.6167,263.54,96,100,2.36,RU,1706308603
415,barcelos,41.5388,-8.6151,288.23,72,99,2.4,PT,1706308490
416,sandnessjoen,66.0217,12.6316,277.44,81,40,4.63,NO,1706308604
417,myskhako,44.6714,37.7433,279.59,90,86,2.51,RU,1706308604
418,meadow lake,34.8014,-106.5436,283.59,47,84,5.77,US,1706308604
419,buala,-8.145,159.5921,301.89,73,100,4.15,SB,1706308605
420,ilovlya,49.3033,43.9796,273.05,97,100,4.61,RU,1706308605
421,happy valley-goose bay,53.3168,-60.3315,262.32,67,20,1.03,CA,1706308606
422,kill devil hills,36.0307,-75.676,292.16,91,0,4.63,US,1706308607
423,joshimath,30.5667,79.5667,274.78,43,41,3.25,IN,1706308607
424,cheyenne,41.14,-104.8203,278.14,50,20,4.63,US,1706308514
425,tenenkou,14.4572,-4.9169,293.92,16,10,4.57,ML,1706308609
426,kruisfontein,-34.0033,24.7314,291.97,59,91,2.88,ZA,1706308609
427,san ignacio de velasco,-16.3667,-60.95,300.73,43,19,0.97,BO,1706308609
428,portage la prairie,49.9728,-98.2926,274.2,64,40,3.6,CA,1706308610
429,okhotsk,59.3833,143.3,246.64,78,9,4.77,RU,1706308336
430,mahanoro,-19.9,48.8,296.36,83,99,2.16,MG,1706308611
431,tukrah,32.5341,20.5791,287.54,73,0,4.97,LY,1706308611
432,namtsy,62.7161,129.6658,248.22,96,100,2.84,RU,1706308612
433,peterhead,57.5058,-1.7981,280.37,86,100,10.75,GB,1706308612
434,hadibu,12.65,54.0333,297.5,76,9,0.4,YE,1706308613
435,san antonio de pale,-1.4014,5.6325,300.4,80,4,1.81,GQ,1706308613
436,callao,-12.0667,-77.15,301.31,61,0,6.69,PE,1706308614
437,bairnsdale,-37.8333,147.6167,292.62,56,0,0.89,AU,1706308614
438,gazojak,41.1875,61.4036,271.02,78,43,5.33,TM,1706308614
439,inirida,3.8653,-67.9239,302.17,53,72,0.85,CO,1706308615
440,delafield,43.0608,-88.4037,276.27,97,100,0.0,US,1706308616
441,blackwater,-23.5833,148.8833,303.85,65,96,5.4,AU,1706308616
442,severo-yeniseyskiy,60.3725,93.0408,254.03,97,96,1.79,RU,1706308617
443,saint-pierre,-21.3393,55.4781,298.97,83,38,5.66,RE,1706308617
444,mayya,61.7333,130.2811,247.77,98,100,2.65,RU,1706308617
445,chirilagua,13.2203,-88.1386,307.98,38,2,2.29,SV,1706308618
446,bati,11.1833,40.0167,291.45,64,56,2.52,ET,1706308618
447,howrah,22.5892,88.3103,286.15,76,93,3.6,IN,1706308619
448,kostomuksha,64.571,30.5767,260.39,93,100,2.24,RU,1706308619
449,tangalle,6.024,80.7911,295.47,91,51,3.59,LK,1706308620
450,aral,40.5156,81.2636,269.52,40,100,1.98,CN,1706308620
451,marshalltown,42.0494,-92.908,276.28,95,100,3.09,US,1706308566
452,rio grande,-32.035,-52.0986,296.21,70,74,6.21,BR,1706308621
453,kyabe,9.4515,18.9449,297.69,23,80,2.61,TD,1706308621
454,terbanggi besar,-4.8667,105.2333,296.82,96,64,2.75,ID,1706308622
455,alaghsas,17.0187,8.0168,288.86,26,22,8.44,NE,1706308622
456,bridlington,54.0831,-0.1919,278.79,83,7,1.79,GB,1706308623
457,gadzhiyevo,69.2551,33.3362,263.27,96,100,5.45,RU,1706308623
458,sakaiminato,35.55,133.2333,275.14,100,75,2.06,JP,1706308624
459,klyuchi,52.2667,79.1667,261.44,90,99,2.98,RU,1706308624
460,laojunmiao,39.8333,97.7333,262.26,32,14,1.84,CN,1706308625
461,kirensk,57.7853,108.1119,252.02,94,80,3.13,RU,1706308395
462,laguna,38.421,-121.4238,289.82,73,0,2.06,US,1706308625
463,makassar,-5.14,119.4221,297.18,100,40,0.51,ID,1706308583
464,meizhou,24.2977,116.1072,281.84,59,99,1.56,CN,1706308626
465,fort mcmurray,56.7268,-111.381,268.92,93,100,3.6,CA,1706308520
466,holualoa,19.6228,-155.9522,300.12,72,40,7.72,US,1706308627
467,baliton,5.7436,125.2364,298.18,75,100,4.09,PH,1706308628
468,beira,-19.8436,34.8389,298.2,83,20,4.12,MZ,1706308628
469,sao joao do piaui,-8.3581,-42.2467,297.16,95,97,1.6,BR,1706308629
470,miquelon,47.0975,-56.3814,269.15,64,100,7.3,PM,1706308629
471,la passe,45.5549,-0.8967,284.28,95,100,2.74,FR,1706308630
472,fale old settlement,-9.3852,-171.2468,303.0,67,99,5.3,TK,1706308630
473,swift current,50.2834,-107.8014,275.6,69,0,3.6,CA,1706308597
474,potsdam,52.3989,13.0657,279.29,81,69,2.68,DE,1706308631
475,yaren,-0.5472,166.916,299.94,84,100,8.63,NR,1706308631
476,adrar,20.5022,-10.0711,290.52,17,19,5.24,MR,1706308632
477,arar,30.9753,41.0381,282.16,71,0,4.12,SA,1706308632
478,verkhnevilyuysk,63.4453,120.3167,230.9,100,98,1.83,RU,1706308633
479,peace river,56.2501,-117.286,273.32,100,75,5.14,CA,1706308633
480,berdyansk,46.7503,36.7944,274.65,95,100,3.05,UA,1706308634
481,coahuayana de hidalgo,18.7,-103.6583,302.4,52,0,2.41,MX,1706308634
482,gebeit,21.0667,36.3167,285.94,29,72,2.97,SD,1706308635
483,impfondo,1.6381,18.0667,296.16,31,20,1.11,CG,1706308635
484,edeia,-17.3383,-49.9314,299.67,42,88,1.95,BR,1706308636
485,bubaque,11.2833,-15.8333,299.15,78,2,4.89,GW,1706308636
486,zhanibek,49.4167,46.85,268.74,94,100,3.95,KZ,1706308637
487,la ronge,55.1001,-105.2842,269.29,80,100,4.12,CA,1706308638
488,thunder bay,48.4001,-89.3168,274.14,86,100,1.54,CA,1706308380
489,mafra,-26.1114,-49.8053,287.82,93,47,2.24,BR,1706308599
490,monrovia,6.3005,-10.7969,299.02,86,0,3.07,LR,1706308618
491,el colorado,-26.3081,-59.3729,298.88,45,0,2.73,AR,1706308640
492,medina,24.4686,39.6142,290.39,48,0,3.09,SA,1706308640
493,sotkamo,64.1333,28.4167,259.16,92,100,2.66,FI,1706308362
494,north platte,41.1239,-100.7654,284.09,43,0,4.12,US,1706308641
495,belomorsk,64.5232,34.7668,258.63,97,99,2.3,RU,1706308641
496,lambarene,-0.7001,10.2406,298.74,91,35,1.69,GA,1706308642
497,laayoune,27.1622,-13.2032,292.34,16,2,4.12,EH,1706308642
498,rabigh,22.7986,39.0349,294.61,50,100,6.6,SA,1706308643
499,mitu,1.1983,-70.1733,300.06,69,98,0.52,CO,1706308643
500,benguela,-12.5763,13.4055,300.5,83,91,2.42,AO,1706308644
501,durban,-29.8579,31.0292,295.52,87,1,5.04,ZA,1706308644
502,troitsko-pechorsk,62.7084,56.1964,265.2,96,100,2.68,RU,1706308644
503,kangding,30.0513,101.9603,267.83,84,42,1.36,CN,1706308645
504,kutum,14.2,24.6667,285.7,29,99,4.39,SD,1706308645
505,sebdou,34.637,-1.3314,281.76,29,0,2.8,DZ,1706308646
506,bardai,11.65,7.2333,291.35,23,2,6.95,NG,1706308646
507,chudovo,59.1167,31.6833,268.74,98,99,0.79,RU,1706308647
508,aiquile,-18.2041,-65.1807,290.59,73,63,2.3,BO,1706308647
509,pierre,44.3683,-100.351,274.18,79,75,2.24,US,1706308648
510,pangody,65.85,74.4859,258.04,95,100,2.92,RU,1706308648
511,kraksaan,-7.7585,113.3962,298.99,86,86,0.83,ID,1706308649
512,kudahuvadhoo,2.6708,72.8944,301.02,66,100,6.48,MV,1706308649
513,nyurba,63.2842,118.3319,229.86,100,99,1.02,RU,1706308650
514,lebyazh'ye,55.2689,66.4947,261.53,95,98,4.24,RU,1706308650
515,trincomalee,8.5711,81.2335,299.03,73,4,5.39,LK,1706308651
516,sitka,57.0531,-135.33,282.09,66,100,8.23,US,1706308651
517,samaro,25.2815,69.3965,288.67,21,59,3.49,PK,1706308652
518,flying fish cove,-10.4217,105.6791,295.97,100,61,1.54,CX,1706308652
519,saint-joseph,-21.3667,55.6167,298.36,89,55,4.08,RE,1706308653
520,roma,43.2128,-75.4557,279.11,98,100,4.12,US,1706308605
521,kismayo,-0.3582,42.5454,299.51,87,90,4.69,SO,1706308653
522,pitea,65.3172,21.4794,269.2,94,100,6.45,SE,1706308654
523,nhamunda,-2.1861,-56.7131,299.64,79,92,0.23,BR,1706308654
524,ivdel',60.6911,60.4206,261.03,98,100,0.89,RU,1706308655
525,kamaishi,39.2667,141.8833,275.3,70,11,3.41,JP,1706308656
526,ballina,-28.8667,153.5667,301.92,83,95,4.2,AU,1706308656
527,malanje,-9.5402,16.341,292.54,95,100,1.42,AO,1706308657
528,hassi messaoud,31.6804,6.0729,284.07,54,0,2.06,DZ,1706308657
529,ouadda,8.0777,22.4007,294.07,23,34,3.49,CF,1706308657
530,palikir - national government center,6.9248,158.1611,300.62,83,75,4.12,FM,1706308658
531,serdar,38.9764,56.2757,276.28,79,43,3.48,TM,1706308658
532,umirim,-3.6772,-39.3503,299.12,82,48,2.38,BR,1706308659
533,sarangani,5.4033,125.4636,300.24,71,100,4.63,PH,1706308659
534,emerald,-23.5333,148.1667,300.56,82,100,4.81,AU,1706308660
535,akrehamn,59.2667,5.1833,280.29,76,40,8.23,NO,1706308660
536,fonte boa,-2.4959,-66.2662,298.66,93,100,1.46,BR,1706308660
537,vostochnyy,55.8167,37.8667,269.3,97,98,1.25,RU,1706308661
538,shinas,24.7433,56.4658,292.29,79,100,1.09,OM,1706308661
539,maceio,-9.6658,-35.7353,301.84,83,0,5.14,BR,1706308662
540,calama,-22.4667,-68.9333,298.42,33,0,10.29,CL,1706308662
541,luanda,-8.8368,13.2343,300.15,86,20,2.06,AO,1706308542
542,prince rupert,54.3161,-130.3201,282.2,87,100,16.98,CA,1706308510
543,puerto aysen,-45.4,-72.7,290.24,84,78,2.8,CL,1706308663
544,jabat,7.75,168.9751,299.69,76,100,6.62,MH,1706308664
545,touros,-5.1989,-35.4608,300.76,77,84,4.91,BR,1706308988
546,chengde,40.9725,117.9361,261.21,67,5,2.03,CN,1706308665
547,faya-largeau,17.9257,19.1043,288.9,31,89,8.89,TD,1706308665
548,delta del tigre,-34.7633,-56.3853,299.38,65,20,5.14,UY,1706308666
549,xacmaz,41.4635,48.806,275.43,82,91,2.12,AZ,1706308666
550,mirpur sakro,24.5474,67.6277,290.36,20,38,4.66,PK,1706308666
551,port-vila,-17.7338,168.3219,301.93,58,20,4.12,VU,1706308667
552,queenstown,-31.8976,26.8753,294.91,50,82,1.05,ZA,1706308667
553,hohhot,40.8106,111.6522,248.31,84,26,1.0,CN,1706308556
554,nagqu,31.5,92.0,256.09,78,77,1.01,CN,1706308668
555,popondetta,-8.7537,148.2534,302.57,72,91,0.73,PG,1706308669
556,haiku-pauwela,20.9219,-156.3051,300.51,72,40,8.75,US,1706308669
557,srivardhan,18.0333,73.0167,295.98,44,92,2.19,IN,1706308669
558,qarazhal,48.0078,70.7903,258.05,88,89,4.65,KZ,1706308670
559,taro,-8.3862,115.28,295.15,91,84,0.78,ID,1706308670
560,port alfred,-33.5906,26.891,294.61,70,68,4.96,ZA,1706308671
561,givors,45.5833,4.7667,284.18,86,95,2.39,FR,1706308672
562,yingchuan,34.1628,113.4639,273.74,47,100,3.15,CN,1706308672
563,vizinga,61.0749,50.1031,265.2,94,100,2.31,RU,1706308673
564,kayangel,8.0823,134.7173,300.45,83,100,12.2,PW,1706308673
565,okha,53.5739,142.9478,256.79,93,100,3.13,RU,1706308674
566,tuy hoa,13.0833,109.3,295.02,88,87,3.8,VN,1706308674
567,crane,31.3974,-102.3501,288.65,39,43,6.29,US,1706308674
568,arecibo,18.4724,-66.7157,300.38,80,59,1.34,PR,1706308675
569,castillos,-34.1667,-53.8333,293.67,76,0,3.85,UY,1706308675
570,camayenne,9.535,-13.6878,302.2,70,0,1.03,GN,1706308583
571,buka,40.8108,69.1986,272.62,85,14,2.17,UZ,1706308676
